identity,model_name,detector_backend,number,embedding
uploads\faces\self_pic.jpg,ArcFace,retinaface,0,"[ 1.12865843e-01  6.28614426e-02  2.07179219e-01  2.40276501e-01
 -1.25449225e-01  1.94400847e-02 -7.78419003e-02 -7.01178834e-02
  9.11885276e-02 -1.12867825e-01  4.08961177e-01 -8.45106915e-02
 -4.55699325e-01  7.25401640e-02  2.51810610e-01  3.99270356e-02
 -5.68730123e-02 -9.96818766e-02  1.98688731e-01 -1.99715361e-01
  3.62221301e-01 -2.83918008e-02  3.70076418e-01 -9.05260071e-02
 -3.93403992e-02 -2.79203504e-01 -1.96971416e-01  1.34812087e-01
  8.56464803e-02 -3.93820345e-01 -9.78104621e-02  2.02218164e-02
  2.57459015e-01 -8.13839883e-02 -5.39446846e-02 -1.67894632e-01
 -4.63721752e-02  1.49731532e-01  2.04102516e-01 -1.14879303e-01
  3.38295400e-02  3.50925386e-01  2.63165772e-01 -2.12954625e-01
 -5.52032888e-01  3.08120959e-02 -7.78859407e-02 -9.95565951e-02
  2.80339420e-01 -9.54259560e-03  1.05715975e-01  2.43358910e-01
 -2.31876791e-01 -1.22818828e-01 -2.47377679e-01  2.83624142e-01
  7.73883238e-02  5.92106767e-02 -1.99967086e-01 -3.87638688e-01
 -6.42768979e-01  2.78097004e-01  1.31141931e-01 -1.84339464e-01
  2.06291638e-02  6.45921528e-02  2.46178299e-01 -2.40602583e-01
 -4.27497596e-01 -4.77170460e-02 -3.52846682e-01 -5.49780577e-02
  1.40395939e-01 -3.94457877e-02 -3.28703135e-01 -5.92847876e-02
 -2.88458765e-01  6.30393550e-02 -1.36431620e-01  1.17671877e-01
 -8.06915537e-02 -1.42630339e-01 -6.89659640e-02 -2.62161255e-01
  3.16853911e-01  2.73292065e-01 -1.29326046e-01 -1.39386058e-01
 -2.03413650e-01 -1.01548791e-01  1.07787691e-01 -2.78151095e-01
 -3.95147115e-01 -7.35401288e-02 -8.15072358e-02  7.06948936e-02
  4.58072126e-03  5.45536540e-03  2.67264605e-01 -2.88347211e-02
 -2.40231946e-01 -1.19190574e-01 -1.16574854e-01 -1.59257829e-01
  4.92875993e-01 -5.62833734e-02 -6.48836568e-02  3.82835716e-01
  5.24449572e-02  1.13079652e-01 -2.08622292e-02 -3.00408632e-01
 -9.79703441e-02  1.07572049e-01 -1.92910582e-01  1.29082985e-03
  3.41389984e-01 -2.39726081e-01 -2.19375700e-01 -1.41704947e-01
  1.68806434e-01 -1.48282394e-01 -2.23715052e-01  1.67139351e-01
 -1.26868501e-01 -2.88677454e-01  6.40982166e-02 -5.90313196e-01
  1.09289780e-01  3.24105710e-01 -2.50354379e-01 -2.65503246e-02
 -2.23573476e-01 -2.64911409e-02  7.87088424e-02  3.35874520e-02
 -8.91961157e-02  1.33908823e-01  1.44602492e-01  1.64408624e-01
 -3.20311785e-01  4.29951251e-02  3.51700932e-03  3.67645249e-02
 -7.11809285e-03  4.74940091e-01 -1.53218240e-01 -2.79787064e-01
  5.63039593e-02  2.18935594e-01  2.89950557e-02  1.47071183e-02
  1.33503061e-02 -1.95738629e-01 -7.07211196e-02 -1.37926996e-01
  1.74925923e-01 -1.73845533e-02  1.56687677e-01 -2.63945460e-02
 -1.34259295e-02  3.27169001e-01 -2.31683493e-01 -1.93259418e-01
  2.30454803e-01 -1.03184611e-01  1.80392846e-01 -2.57811606e-01
 -1.73017561e-01 -1.70826152e-01  5.52630126e-02 -3.68524760e-01
  4.24637273e-03 -2.13541880e-01  9.45079476e-02 -9.75002274e-02
  7.64753893e-02  1.39128506e-01 -9.17654634e-02 -2.55333453e-01
 -1.22827943e-04  1.87552683e-02  9.55206528e-02  3.37402880e-01
 -1.60848737e-01  2.78181080e-02  8.85342732e-02 -8.71689171e-02
 -2.25402310e-01 -4.71476316e-02 -1.61622450e-01 -2.05412328e-01
  1.73969179e-01 -1.51006907e-01  2.98938286e-02  1.37826011e-01
 -6.77519739e-02  1.17538884e-01 -8.31976235e-02 -5.36717176e-02
 -4.12618905e-01  8.78247470e-02 -1.18656307e-01  3.55592929e-02
 -2.11954489e-02  1.41675591e-01 -1.54733792e-01  1.52975082e-01
 -1.64010525e-01 -1.27842143e-01  6.59607574e-02  1.92109659e-01
  5.09163626e-02  3.90957482e-02 -6.23640120e-02  3.79661098e-02
  6.79324716e-02 -7.91488290e-02 -7.90818036e-02  1.06928870e-01
 -1.93628296e-01  1.22171631e-02 -1.35727137e-01 -4.90803197e-02
  1.96383476e-01  3.28488760e-02 -2.80685037e-01  2.31690377e-01
 -8.55024438e-03  1.79132894e-01  9.96210054e-02 -1.70527533e-01
  1.62971795e-01 -2.39681304e-01  1.52265251e-01 -2.09281579e-01
 -2.49598235e-01 -7.42205530e-02 -3.15461308e-02  2.08332941e-01
  7.55735934e-02 -5.17428704e-02 -4.93459143e-02  7.52821937e-02
 -1.98788106e-01 -8.78416225e-02  3.54811847e-01  2.44727265e-03
 -7.90399462e-02 -6.49309158e-02 -8.09915513e-02  1.70849979e-01
 -2.87414305e-02  1.73649833e-01 -6.30001947e-02  1.37706548e-01
  2.12267339e-01 -5.26568927e-02 -1.61061615e-01  1.64754853e-01
 -9.42002088e-02 -2.97500119e-02 -1.48620918e-01  2.02754349e-01
 -1.12005852e-01 -7.28949532e-02  2.25331947e-01  1.96662489e-02
  2.46323403e-02 -5.97972162e-02 -4.17936206e-01 -5.27383387e-03
 -5.68374153e-03 -2.45141819e-01 -2.72828430e-01 -2.40938276e-01
  4.91304398e-01 -4.13115472e-02  1.63173586e-01 -2.03872368e-01
  9.69639607e-03  5.14888823e-01 -9.08732042e-02 -7.29634613e-02
  1.27203256e-01 -1.91835705e-02 -3.31337243e-01 -4.13036011e-02
 -6.72142208e-02  1.79289475e-01 -2.78624985e-02 -9.48399603e-02
 -1.94477364e-01  2.87723318e-02  4.14312333e-01 -1.52710393e-01
  7.64005855e-02 -3.99788380e-01 -1.15558237e-01 -1.11487940e-01
  1.07467853e-01  2.30183259e-01 -1.16372198e-01  1.19691893e-01
  1.24850921e-01 -3.52851301e-02  1.35483965e-01 -3.19623575e-02
  2.40520284e-01 -2.58498430e-01 -3.17020193e-02  2.64466107e-01
  6.91346303e-02  1.11428268e-01 -8.17166939e-02 -2.45593116e-01
 -3.08950841e-01 -6.16459399e-02 -8.56243223e-02  3.84686142e-01
 -6.60829619e-02  4.43427414e-02 -1.88896015e-01  1.59613341e-01
  4.76923645e-01 -2.18569711e-01  2.01289490e-01 -4.69897874e-03
 -2.71012127e-01 -5.04973419e-02 -2.46282876e-01 -9.90047753e-02
 -7.79795274e-02  4.63345461e-03  1.30418628e-01 -2.30703093e-02
  1.74768701e-01 -1.93203717e-01  1.41701758e-01 -1.21059045e-01
 -5.66846738e-03  1.25051051e-01 -1.73725262e-01 -4.02187295e-02
 -5.02111539e-02  1.47166401e-01  3.10755461e-01  4.61122692e-02
  1.90244183e-01  2.56879449e-01 -4.20109853e-02 -5.90985045e-02
  5.26905246e-02 -2.08859853e-02 -1.05523676e-01  7.93232173e-02
  7.84118697e-02 -1.17749117e-01 -4.33950633e-01 -9.62950736e-02
  2.15996116e-01  2.50236899e-01  2.62728423e-01 -5.84366843e-02
  4.51427966e-01 -2.96057284e-01 -1.79489061e-01  1.46245524e-01
  1.05329171e-01 -3.16099375e-02 -2.94322371e-02  9.36805531e-02
 -5.32453433e-02 -2.50167876e-01  7.57853463e-02 -1.80866465e-01
 -1.45443425e-01  2.74627030e-01 -2.75637507e-01 -2.80159384e-01
  2.47635871e-01  2.26679780e-02  1.86958700e-01  1.81311116e-01
 -3.81079227e-01 -4.33865376e-02 -1.57547206e-01 -3.82610559e-02
 -9.60776284e-02 -7.53572732e-02  2.20010862e-01 -9.24238190e-02
  4.02085334e-01 -2.63677269e-01 -1.07913114e-01 -7.86953047e-03
  7.58221596e-02  4.94380109e-02 -6.04614019e-01 -1.28096730e-01
  8.89725611e-02 -2.81041920e-01 -2.01615348e-01 -1.55567959e-01
  1.16844065e-02 -9.75974351e-02  3.13421339e-01  1.44774346e-02
  7.76073039e-02  2.13405490e-02  2.69428104e-01  3.04181218e-01
  4.00809757e-03 -2.28989214e-01 -8.32771417e-03 -2.09844425e-01
 -1.50895361e-02  4.61584553e-02 -7.57884048e-03 -3.45046997e-01
 -2.47634575e-01  1.57092273e-01 -2.14663353e-02 -1.95331797e-01
  1.61792696e-01  1.74875967e-02 -3.09484154e-01  2.90950835e-01
 -1.44728869e-01  4.68469039e-02 -1.36078149e-01  8.62680227e-02
 -4.30023298e-02 -1.44061387e-01  7.26087913e-02 -1.69765547e-01
  4.14603166e-02  7.89661333e-03 -2.10790426e-01 -2.53060013e-01
  1.33955702e-01 -1.59966707e-01 -9.47956070e-02 -4.49456662e-01
 -1.43290788e-01 -4.26594615e-02  1.88978255e-01 -7.12455884e-02
 -3.10728222e-01  1.87280267e-01  3.16080779e-01 -9.45029780e-02
 -2.41011202e-01  2.71291703e-01  1.55995861e-01  1.28036559e-01
 -2.73895442e-01 -1.79544777e-01 -2.53348529e-01  2.21185479e-02
  1.26758009e-01  1.33973017e-01 -2.63010204e-01  1.40284061e-01
 -5.22764698e-02 -1.91432059e-01 -2.62178779e-02  2.86313295e-01
 -7.93155506e-02 -1.63607344e-01 -1.19683668e-01  6.39029741e-02
 -1.59523152e-02  1.00914221e-02  3.09196532e-01 -2.79716969e-01
 -1.25672400e-01 -1.00790069e-01  3.83047760e-01  7.40142047e-01
  5.18597960e-02  5.67652583e-02 -9.90663543e-02  1.68181524e-01
 -4.01102975e-02 -9.21439901e-02 -2.48939469e-02 -3.87827568e-02
  3.56373638e-02  6.49854615e-02 -5.95697090e-02 -1.18955597e-01
  2.41472870e-01 -5.45978248e-02 -2.95561582e-01 -6.60004094e-02
  5.15733242e-01 -4.07653973e-02  2.08562881e-01  1.62330374e-01
 -2.76136428e-01  1.29848123e-01  2.97326237e-01 -3.79523709e-02
  6.98966458e-02  3.53503898e-02 -2.83475697e-01 -2.80161589e-01
 -3.04623917e-02  3.91442478e-01  4.16275561e-01  2.31747031e-01]"
uploads\faces\self_pic.jpg,ArcFace,fastmtcnn,0,"[ 4.73424606e-02  4.48738113e-02  2.25723803e-01  1.30334824e-01
 -3.23540941e-02  3.01666949e-02 -6.96388036e-02 -3.05820592e-02
  7.89394751e-02 -9.32587758e-02  4.00604039e-01 -2.10565850e-02
 -4.44073230e-01  4.55577299e-02  2.89601445e-01  1.54724531e-02
 -3.56861986e-02 -1.77811116e-01  2.07115695e-01 -2.01793611e-01
  2.76684284e-01 -9.20770410e-03  4.20380443e-01 -1.33206293e-01
 -1.07005378e-02 -2.20545918e-01 -7.67719224e-02  1.70112103e-01
  1.32905692e-01 -5.05936682e-01  5.06693646e-02  6.81252824e-03
  1.48627371e-01  4.44469713e-02 -3.30134220e-02 -1.07967444e-01
  1.72938313e-02  9.26154256e-02  2.66401261e-01 -8.61067921e-02
 -5.21332696e-02  3.45877618e-01  1.90251350e-01 -2.37855807e-01
 -3.21407229e-01  9.57546383e-02 -1.80181995e-01 -1.54804625e-02
  8.79344344e-02 -9.00570303e-03  2.07249954e-01  1.18025579e-01
 -3.18300813e-01 -8.84518996e-02 -1.85179606e-01  1.88622221e-01
  7.57753197e-03  2.43874379e-02 -1.50035679e-01 -4.51335371e-01
 -6.73012018e-01  2.43895173e-01  5.64530194e-02 -1.37432411e-01
 -3.39818113e-02  7.56086707e-02  1.98963657e-01 -1.97711006e-01
 -4.97950137e-01 -4.22962494e-02 -4.00639176e-01 -1.14730202e-01
  1.37374625e-01 -8.01507086e-02 -2.44840503e-01 -9.74929631e-02
 -3.75355750e-01  3.07741147e-02 -2.01846063e-01  1.60041898e-01
 -7.59786069e-02 -2.30963141e-01 -2.21912026e-01 -2.97967315e-01
  2.99480379e-01  2.21096233e-01 -6.84239194e-02 -8.09423923e-02
 -2.09784031e-01 -1.12005278e-01  7.44096935e-02 -3.27500641e-01
 -3.92089963e-01  2.84780450e-02 -4.57361713e-02  1.82481017e-04
 -1.04965955e-01  5.09508885e-02  2.94726640e-01  7.14479238e-02
 -2.88210034e-01 -9.88390595e-02 -1.03548475e-01 -1.36516854e-01
  4.01445121e-01 -5.57199754e-02 -4.49812785e-02  4.12094027e-01
 -1.53197870e-02  9.62356031e-02  2.36810781e-02 -2.78597206e-01
  3.54753286e-02  1.02471784e-01 -1.81765407e-01  7.12719560e-02
  2.78973162e-01 -2.80829579e-01 -2.51791716e-01 -1.44434512e-01
  2.02107415e-01 -9.42617133e-02 -2.36470059e-01  1.66108593e-01
 -1.03966251e-01 -2.16387168e-01  2.52403282e-02 -3.42228264e-01
  1.58046558e-01  3.31267715e-01 -2.38404363e-01 -3.17968577e-02
 -1.59625709e-01  7.70745352e-02  1.20416224e-01 -4.38785851e-02
 -7.91956484e-03  9.40939710e-02  5.99564947e-02  1.90052509e-01
 -3.44006956e-01 -3.41384038e-02 -2.65704524e-02  8.10051560e-02
 -7.72833079e-02  4.47982997e-01 -1.76375717e-01 -1.76099405e-01
  1.00024514e-01  2.30071187e-01 -4.32251468e-02  7.82512203e-02
 -3.85501608e-02 -1.52163684e-01 -8.04845095e-02 -1.09992310e-01
  2.45607737e-03 -1.57574529e-03  9.54531580e-02 -8.79802275e-03
 -1.30909123e-03  2.22318560e-01 -1.73561558e-01 -1.70426577e-01
  1.38848945e-01 -2.12515313e-02  1.23203725e-01 -2.20334396e-01
 -2.39587650e-01 -1.31130069e-01  1.10356331e-01 -3.23771775e-01
  2.89913695e-02 -4.84554172e-02  5.21341525e-03 -1.27807438e-01
  9.77200344e-02  6.66536018e-02 -1.53534174e-01 -2.89086461e-01
  1.21114574e-01  4.64994386e-02  1.27312198e-01  2.89256454e-01
 -7.33581930e-03  4.63985801e-02  5.35064042e-02 -9.53757167e-02
 -2.20872834e-01 -2.92672385e-02 -1.46588653e-01 -1.66316241e-01
  1.90287650e-01 -1.34941712e-01  4.19369619e-03  2.08490819e-01
 -1.19797684e-01  1.85209140e-01 -5.69297783e-02 -2.80394871e-02
 -3.15995336e-01  1.05136871e-01 -1.46311179e-01  9.42140352e-03
 -5.93454763e-02  1.03909984e-01 -1.23949818e-01  1.73347101e-01
 -1.62201971e-01 -5.79683036e-02  7.34287873e-02  1.38800681e-01
  3.55562195e-02 -1.81790814e-02 -4.41561304e-02  6.92848712e-02
  1.87887162e-01  2.28990242e-02 -1.16702065e-01  2.01219887e-01
 -2.11299688e-01 -7.20462576e-03 -3.98275629e-03 -9.62297246e-02
  1.80281609e-01  2.86425613e-02 -2.45681480e-01  1.72877342e-01
 -4.64371741e-02  1.97730169e-01  1.35593861e-01 -2.53418505e-01
  1.01996385e-01 -1.56288654e-01  1.25787348e-01 -2.01428980e-01
 -2.67622828e-01 -6.63244054e-02 -2.49889717e-02  3.37348163e-01
  7.40967095e-02 -2.69980505e-02 -1.11600935e-01  8.19120482e-02
 -1.69633269e-01 -1.61558181e-01  2.66966432e-01  5.19878492e-02
 -7.90612251e-02 -5.75905992e-03 -9.75310802e-02  1.48979008e-01
 -5.38570210e-02  1.75474063e-01 -1.34600297e-01  1.71939686e-01
  2.12111950e-01 -2.14355234e-02 -1.90608442e-01  1.83369413e-01
 -1.30668059e-01 -5.12744300e-02 -1.39425054e-01  8.79937783e-02
 -5.12884334e-02  4.27023694e-02  2.24163607e-01  1.14430673e-02
 -6.86921626e-02  1.62874311e-02 -4.01195854e-01 -6.22836798e-02
  1.84013143e-01 -2.18890607e-01 -2.38163695e-01 -2.51342535e-01
  4.70862955e-01 -6.88768998e-02  1.43395424e-01 -1.64940774e-01
  5.84237725e-02  5.45143366e-01 -1.23186328e-01 -1.06611289e-01
  1.03616573e-01 -8.37217644e-02 -4.15260226e-01  2.57231016e-02
 -7.71383867e-02  2.18308941e-01 -4.51870188e-02 -1.58918187e-01
 -1.05407856e-01  9.58029479e-02  4.55874771e-01 -1.68463454e-01
  9.40336660e-02 -4.49421585e-01 -6.48051724e-02 -1.12494290e-01
  1.41195759e-01  2.35547334e-01 -3.74590270e-02  1.71290994e-01
  1.37813732e-01 -5.21287508e-02  6.50428683e-02 -1.17332377e-01
  2.98851967e-01 -3.06674570e-01 -4.89955172e-02  2.19172537e-01
  6.40826598e-02  2.53007971e-02 -7.67979175e-02 -1.90074041e-01
 -2.66898274e-01 -2.02923175e-02 -4.33534384e-03  3.41333956e-01
 -3.97842526e-02 -5.41966707e-02 -1.52645767e-01  1.47283986e-01
  5.52988112e-01 -2.18026429e-01  2.14509428e-01 -1.09400302e-01
 -2.86063075e-01 -3.22734304e-02 -3.67709935e-01 -1.60211831e-01
  4.96590212e-02  3.03186215e-02  1.13979638e-01 -6.29436374e-02
  2.18754768e-01 -1.50267661e-01  4.56331633e-02 -1.94596916e-01
  6.71097487e-02  9.43038389e-02 -1.72985241e-01  6.83001615e-03
  8.38366151e-02  1.70772448e-01  1.61214441e-01 -2.77956650e-02
  2.03383088e-01  2.23855048e-01 -4.43508029e-02 -1.34196088e-01
  4.57589701e-02  2.58535780e-02 -9.37211737e-02  8.93519670e-02
  6.70319200e-02 -1.97691604e-01 -4.53079998e-01 -2.07960997e-02
  3.13277543e-01  3.05425346e-01  2.14150354e-01 -1.07165843e-01
  4.68134254e-01 -2.87256986e-01 -4.20710258e-02  2.02640370e-01
  1.36608779e-01 -4.41164933e-02 -7.00028539e-02  1.01814255e-01
  5.88498712e-02 -2.60266423e-01  1.25616491e-01 -2.20886037e-01
 -1.11828499e-01  3.45961690e-01 -2.71422714e-01 -1.63226724e-01
  1.23874418e-01  2.33006664e-03  1.08436331e-01  1.55480385e-01
 -2.17960373e-01 -6.83734613e-03 -1.09749451e-01 -1.54526196e-02
 -7.69211352e-02 -5.73005378e-02  2.25375146e-01 -6.34157136e-02
  2.64594644e-01 -2.45029986e-01 -1.39615059e-01 -4.97325361e-02
  4.81718667e-02  9.99930426e-02 -5.55467844e-01 -8.15789029e-02
  6.81552291e-02 -2.32154965e-01 -2.30749562e-01 -1.46964058e-01
  6.76483102e-03 -1.53768227e-01  1.89874560e-01  5.80906048e-02
  7.16234148e-02  3.70470621e-02  2.76538163e-01  2.93835759e-01
  4.27121222e-02 -2.64357567e-01  8.48847181e-02 -1.64104268e-01
 -6.44532442e-02  4.90047112e-02 -3.26224975e-02 -2.46853262e-01
 -2.73124278e-01  1.69863835e-01 -4.18460257e-02 -2.85711259e-01
  1.29294604e-01  8.70592520e-03 -2.81044751e-01  2.32802987e-01
 -2.28609741e-02  1.12160757e-01 -2.08629593e-01  2.08980776e-02
  2.91440729e-02 -1.36872232e-01 -1.83443073e-04 -1.43936127e-01
 -4.20127586e-02  2.63471287e-02 -1.67504475e-01 -2.09629446e-01
  1.74530104e-01 -1.35172278e-01 -6.70786425e-02 -4.17712003e-01
 -9.19657797e-02 -3.46437059e-02  2.36437246e-01 -6.07416667e-02
 -4.45984691e-01  1.77202627e-01  1.69551671e-01 -7.14797080e-02
 -2.77084500e-01  1.98889196e-01  1.75739259e-01  1.11253239e-01
 -3.01819116e-01 -1.69499129e-01 -2.47628406e-01  5.04436716e-02
  2.14024499e-01  8.83085057e-02 -1.26431003e-01  8.51771310e-02
 -7.49790892e-02 -1.12802938e-01 -1.37141138e-01  3.06775540e-01
 -7.71383271e-02 -2.09392905e-01 -9.46393050e-03  1.48665309e-02
  1.66136548e-02  2.50278544e-02  2.40104899e-01 -2.88190573e-01
 -2.28439327e-02 -1.65496469e-01  2.52794385e-01  6.24752104e-01
  1.41109303e-01  1.19152972e-02 -5.58960959e-02  1.68061048e-01
 -1.28632128e-01  4.57306020e-03 -1.47165030e-01  7.65066128e-03
  4.04238403e-02  7.66311958e-02 -1.19788595e-01 -1.72197223e-01
  2.43377417e-01  5.68422340e-02 -2.64240593e-01 -4.17502038e-02
  6.00730121e-01 -5.37692308e-02  1.80166602e-01  1.02249511e-01
 -2.17023447e-01  6.18278235e-02  4.09562379e-01 -4.60278615e-02
  1.25705868e-01  8.56426507e-02 -2.56241351e-01 -2.50400513e-01
  6.88450970e-03  3.17168295e-01  4.26839471e-01  2.58832753e-01]"
uploads\faces\self_pic.jpg,ArcFace,opencv,0,"[ 1.28899843e-01  3.88430692e-02  2.32790917e-01  1.05484799e-01
 -1.38203204e-01  4.31586877e-02 -1.03678517e-01 -3.37638520e-02
  1.65522575e-01 -1.76037967e-01  4.62835580e-01 -8.91394764e-02
 -4.12617415e-01  1.14567712e-01  1.72462732e-01  7.69470856e-02
 -9.72302333e-02 -1.28090993e-01  2.05060750e-01 -1.69778928e-01
  2.04665601e-01  1.62521470e-03  5.37052929e-01 -7.77601674e-02
 -5.77268377e-02 -2.93645293e-01 -1.05713107e-01  1.98027432e-01
  1.13343988e-02 -4.47465628e-01 -1.80637985e-01  3.10133677e-03
  2.84380078e-01  1.12621710e-02  2.96248961e-02 -2.82931626e-01
  2.69448478e-03  6.43727630e-02  2.80569285e-01 -1.27306759e-01
  8.86778720e-03  4.52725559e-01  3.09908390e-01 -2.57060558e-01
 -3.73747110e-01 -4.74943593e-02 -1.90245286e-01  5.68640679e-02
  3.77729058e-01 -1.63530871e-01  1.50195673e-01  4.12334979e-01
 -4.77234811e-01 -2.03472197e-01 -1.05334997e-01  2.51455039e-01
  1.71697527e-01 -1.49673522e-02 -2.11401343e-01 -5.81811905e-01
 -7.50985563e-01  3.17111969e-01  1.03768609e-01 -1.84292853e-01
  1.83920413e-01  2.42509380e-01  8.92523006e-02 -2.95764387e-01
 -5.87286413e-01 -1.61405392e-02 -5.14341712e-01 -7.14490190e-02
  2.96170324e-01 -3.89254168e-02 -2.80058026e-01 -3.00711244e-02
 -2.39527151e-01  1.09543718e-01 -5.22647910e-02 -7.08469748e-03
 -1.73271019e-02 -2.20868230e-01 -1.18588671e-01 -2.53902256e-01
  3.86399060e-01  2.31154427e-01  8.70842487e-03 -1.04662009e-01
 -2.12860674e-01  7.98262954e-02  8.16189051e-02 -2.24907219e-01
 -3.36235166e-01 -1.31699786e-01 -1.12780273e-01  4.79377769e-02
 -4.16807383e-02  6.35440350e-02  3.95674080e-01 -1.68987904e-02
 -3.06279004e-01 -9.71128345e-02  4.81877252e-02 -1.28064647e-01
  4.35246408e-01 -1.23806588e-01  8.34697187e-02  3.25546622e-01
  8.23755562e-03  3.03939544e-02 -1.08738773e-01 -3.94105494e-01
 -7.86078945e-02  1.25046551e-01 -5.02798259e-02 -3.24165672e-02
  3.40731889e-01 -1.83112219e-01 -3.54199827e-01 -1.60926342e-01
  9.66527164e-02 -2.11079821e-01 -8.49828944e-02  1.43881530e-01
 -9.46983248e-02 -3.10580850e-01  1.31449699e-01 -7.43500710e-01
  1.87464982e-01  2.94309556e-01 -3.52657288e-01 -1.18960403e-02
 -1.68644220e-01 -1.99543759e-01  1.43503249e-01 -1.20338589e-01
 -7.93745071e-02  1.62606686e-01  3.39366402e-03  2.17904389e-01
 -3.69984686e-01  5.18761277e-02 -2.35817488e-02 -8.16281438e-02
 -8.77385773e-03  5.12993634e-01 -2.35564977e-01 -6.52435869e-02
  1.70525640e-01  3.26569915e-01  2.79934183e-02  7.72068352e-02
  8.02167729e-02 -1.21630393e-01  5.52677885e-02 -1.10029355e-01
  6.51421323e-02  2.73641273e-02  2.41438702e-01 -8.31222385e-02
 -1.06366687e-01  2.34029934e-01 -1.86401308e-01 -1.67565644e-01
  6.18135929e-02  7.06374692e-03  2.77906537e-01 -3.00146282e-01
 -1.89271450e-01 -1.56049520e-01  1.60440713e-01 -3.42204392e-01
  6.39317632e-02 -1.93569541e-01  1.13593433e-02 -1.56562060e-01
  1.77406698e-01  1.30137429e-01 -1.07773758e-01 -3.56172234e-01
 -2.09672712e-02 -6.41287044e-02  2.05657333e-01  3.89516473e-01
 -3.30204666e-02  2.62203980e-02  6.80361539e-02 -2.05048561e-01
 -1.68612853e-01 -7.82041326e-02 -1.42382219e-01 -1.85088634e-01
  2.53303111e-01 -6.88601360e-02 -3.98259759e-02  3.18233818e-01
 -7.82348588e-02  2.69579858e-01 -7.10820109e-02 -1.45489633e-01
 -5.17428160e-01  9.10054520e-02 -2.35774562e-01  6.13925718e-02
 -1.16600133e-01  1.86485782e-01 -1.48507923e-01  1.30738109e-01
 -1.26770183e-01 -1.87778205e-01  6.65625110e-02  1.70202434e-01
  1.20232694e-01  1.35089472e-01  1.66059881e-02 -4.01253365e-02
  2.22637251e-01 -6.51502311e-02 -1.46616757e-01  1.37201399e-01
 -2.64157772e-01 -1.24206848e-01  9.03673619e-02  5.16688544e-03
  1.87922537e-01  2.57215083e-01 -2.47844994e-01  1.90356135e-01
 -1.01599343e-01  1.12178445e-01  1.06349759e-01 -1.53769702e-01
  2.33009785e-01 -1.89892843e-01  1.77852839e-01 -1.85543075e-01
 -2.82869041e-01 -3.10834982e-02 -6.01318181e-02  2.52865881e-01
  1.83578238e-01 -4.90664393e-02 -1.85070530e-01  6.13585040e-02
 -2.89485544e-01 -4.62116152e-02  3.78759861e-01  6.26241416e-02
 -2.84827314e-02  6.42558094e-04 -7.87185729e-02  2.59434760e-01
 -1.18749715e-01  1.74736887e-01 -2.64204349e-02  1.53874427e-01
  2.61567205e-01  2.91516036e-02 -1.70034602e-01  1.87542707e-01
 -8.36628303e-02  3.01348232e-02 -1.77476153e-01  1.83729321e-01
 -1.09729163e-01 -2.47745682e-03  3.36667001e-01  1.15892049e-02
 -1.42690986e-02  2.68217474e-02 -4.32661116e-01  2.29701549e-02
  6.46898001e-02 -2.38913700e-01 -2.64123380e-01 -2.90379286e-01
  6.23081505e-01  1.05207421e-01  2.09056139e-01 -1.54714897e-01
 -7.36746788e-02  6.19604051e-01 -1.86778829e-01 -4.41033766e-02
  3.03225424e-02 -6.53652996e-02 -1.88352287e-01 -6.33632392e-02
 -2.40254998e-02  3.03261101e-01 -7.87811428e-02 -1.46643847e-01
 -1.37595996e-01 -1.54753044e-01  4.13079262e-01 -2.65083283e-01
  1.07201904e-01 -5.26178598e-01 -1.73428804e-01 -1.06719062e-01
  1.69003189e-01  6.48481771e-02 -2.70823427e-02  1.68496117e-01
  1.39232323e-01  3.46054807e-02  1.63051769e-01 -1.00549206e-01
  5.47589809e-02 -4.45275486e-01  2.08629575e-02  3.27364832e-01
  1.74867839e-01 -4.42077816e-02 -7.41273239e-02 -2.51652479e-01
 -2.00764313e-01 -8.88866633e-02 -5.67552485e-02  3.91908377e-01
 -1.13649301e-01 -1.66886970e-01 -1.29613817e-01  3.84777561e-02
  7.01859593e-01 -1.23180144e-01  2.75575072e-01  5.21944016e-02
 -2.15982094e-01 -1.26194999e-01 -3.76231402e-01 -1.36988061e-02
 -1.73568279e-01  8.33045244e-02 -4.52534705e-02  4.80272584e-02
  1.88999981e-01 -2.32109606e-01  2.41546407e-01 -1.35130987e-01
 -1.93569250e-02  8.52120444e-02 -2.16520399e-01  5.48795238e-02
 -1.55995637e-02  2.64670134e-01  1.90098956e-01 -1.21729681e-02
  1.88911259e-01  2.94592887e-01 -3.26075077e-01 -1.78959265e-01
  1.71175852e-01 -3.14954668e-02 -2.98562795e-01  1.96959805e-02
  8.83157551e-02 -1.46031573e-01 -4.62929517e-01 -1.27559662e-01
  3.61292720e-01  3.07232499e-01  1.42334029e-01 -5.36484085e-03
  4.45789248e-01 -3.72627228e-01  1.90834142e-03  1.37863994e-01
  2.32743174e-01  2.64540017e-02 -5.62895015e-02  1.67591363e-01
 -1.30539909e-02 -9.35515538e-02  1.65108442e-01 -2.73186862e-01
  2.25935206e-02  3.19645077e-01 -3.93175006e-01 -2.30366573e-01
  1.47815034e-01  1.28225505e-01  9.88837406e-02  2.13577315e-01
 -3.37260544e-01 -1.11157186e-01 -2.00654164e-01 -1.20125189e-02
 -1.59472227e-01 -5.98981716e-02  3.88828605e-01 -1.57383934e-01
  4.23899263e-01 -3.65608722e-01 -1.76548243e-01  4.34481315e-02
  1.59730658e-01  3.33160721e-02 -5.78097820e-01 -4.60534096e-02
 -5.37801981e-02 -2.73523986e-01 -6.04326762e-02 -1.77885547e-01
  1.05082273e-01 -1.56302914e-01  2.96105087e-01 -1.02413259e-03
  1.48215160e-01 -3.30369547e-03  3.42426330e-01  3.48314732e-01
 -3.40471938e-02 -1.91651359e-01 -5.12659363e-02 -2.46459812e-01
  1.32857427e-01  9.57383364e-02 -3.75379845e-02 -4.16147232e-01
 -2.89776385e-01  2.79210538e-01 -2.79516816e-01 -2.44525239e-01
  7.78097808e-02 -9.90715697e-02 -4.37704772e-01  4.08093542e-01
 -9.35559273e-02  1.80980444e-01 -1.72900304e-01  3.72211188e-02
 -1.28256995e-02 -2.08351567e-01 -3.35051790e-02 -6.06091842e-02
 -7.67488033e-03  6.98479861e-02 -1.76580757e-01 -3.38029683e-01
  2.53198147e-01 -1.03444166e-01 -1.00802995e-01 -2.78090060e-01
 -2.53261402e-02  2.87244655e-02  2.86008865e-01 -3.05120405e-02
 -2.81273842e-01  2.50801891e-01  3.85475546e-01 -1.01157948e-01
 -1.97597131e-01  1.37038291e-01  2.58714795e-01  6.71748444e-02
 -4.99860048e-01 -8.15002769e-02 -3.57416391e-01  1.44225121e-01
  1.21383429e-01  7.57203847e-02 -8.91053751e-02  7.02300668e-02
 -2.60065142e-02 -9.38698947e-02 -9.73483101e-02  1.54148132e-01
 -8.62918496e-02 -2.63747424e-01 -3.26497220e-02  1.42780676e-01
 -4.39116964e-03  6.60323650e-02  3.31147790e-01 -2.75224745e-01
 -1.38986921e-02 -6.93574846e-02  2.38462850e-01  7.14256704e-01
  3.14131021e-01  1.14324160e-01 -1.11895122e-01  6.58212453e-02
 -1.56631798e-01 -5.65300360e-02 -1.17413975e-01 -5.79699799e-02
 -2.56379806e-02  2.91750189e-02 -8.76424834e-02 -1.17676377e-01
  2.58812875e-01 -5.59622794e-02 -2.79335797e-01 -1.46884128e-01
  4.64269459e-01 -9.68972445e-02  2.96520174e-01  1.01921365e-01
 -1.84796602e-01 -7.79408962e-04  5.10746241e-01 -1.44912526e-01
  5.86774051e-02  5.41456640e-02 -3.61327142e-01 -3.05718094e-01
  6.24383148e-03  3.80688101e-01  3.10365438e-01  2.57284909e-01]"
